,classifier,3d,amazon,atlantic,amazon_test,atlantic_test,amazon_on_atlantic,atlantic_on_amazon
0,U-Net,0.8385470299851091,0.924976971081876,0.7838973959578313,0.887174139400963,0.7958969165732933,0.6750322156632332,0.7397387247336578
1,Attention U-Net,0.8367559181000069,0.9272862034620033,0.789984177238899,0.8912198095343914,0.78573425397178,0.6655543556931273,0.7539907795193971
2,ResNet50-SegNet,0.8280876773981399,0.9114314168103591,0.7811170105260696,0.8780668127048201,0.7700872976125694,0.6908572076881058,0.7438505558321109
3,FCN32-VGG16,0.7410721133928736,0.7683855901949177,0.45963791065690046,0.7564680432112858,0.4278113875565707,0.4914664099926252,0.555845771500768
