,classifier,accuracy,precision,recall,f1_score,accuracy_std,precision_std,recall_std
0,U-Net,0.9355057144165039,0.9454349282513129,0.9355057144165039,0.9404441138914349,0.04636710402007658,0.028613638758911868,0.04636710402007658
1,Attention U-Net,0.9353220748901367,0.9482422397377319,0.9353220748901367,0.941737844874377,0.04893032871320888,0.025172300797293372,0.04893032871320888
2,ResNet50-SegNet,0.9347864532470703,0.9442208105081294,0.9347864532470703,0.9394799472706677,0.04299348831670498,0.02795523959208652,0.04299348831670498
3,FCN32-VGG16,0.8270412063598633,0.826683514585432,0.8270412063598633,0.8268623217892428,0.06254329584552473,0.06584561995332405,0.06254329584552473
