,classifier,accuracy,precision,recall,f1_score,accuracy_std,precision_std,recall_std
0,U-Net,0.8915157000223796,0.9323368415000753,0.8915157000223796,0.911469445016381,0.0932127976762558,0.046739859260368194,0.0932127976762558
1,Attention U-Net,0.9266117413838705,0.9445315806544227,0.9266117413838705,0.9354858523492012,0.05701273728830019,0.03958733603853125,0.05701273728830019
2,ResNet50-SegNet,0.9087992350260417,0.9355350272526637,0.9087992350260417,0.9219733477778967,0.08215017961130569,0.04831475387053611,0.08215017961130569
3,FCN32-VGG16,0.8749940236409505,0.8985221083094258,0.8749940236409505,0.8866020000792557,0.08628990098164326,0.053427400880308916,0.08628990098164326
