,classifier,accuracy,precision,recall,f1_score,accuracy_std,precision_std,recall_std
0,U-Net,0.924553108215332,0.9434097955847133,0.924553108215332,0.9338862747801174,0.0753562380757037,0.03273492889308469,0.0753562380757037
1,Attention U-Net,0.9355579376220703,0.9446312372776271,0.9355579376220703,0.940072694768054,0.048522337692233956,0.02801225958341904,0.048522337692233956
2,ResNet50-SegNet,0.9250993728637695,0.9406290506072839,0.9250993728637695,0.9327995799038561,0.066819550198767,0.032023198338974095,0.066819550198767
3,FCN32-VGG16,0.8076122283935547,0.8181134017070271,0.8076122283935547,0.8128288995362221,0.07907718791475603,0.05355907100498819,0.07907718791475603
