,classifier,accuracy,precision,recall,f1_score,accuracy_std,precision_std,recall_std
0,U-Net,0.9592618942260742,0.9625063260917978,0.9592618942260742,0.9608813714472588,0.026417391604667682,0.022230480106680366,0.026417391604667682
1,Attention U-Net,0.9641162872314453,0.9674319534486948,0.9641162872314453,0.9657712745290691,0.025662120151879523,0.021048098489469824,0.025662120151879523
2,ResNet50-SegNet,0.9689271926879883,0.9706046439633728,0.9689271926879883,0.9697651929334162,0.021182154938242815,0.018374828703889644,0.021182154938242815
3,FCN32-VGG16,0.9189081192016602,0.9200968253813897,0.9189081192016602,0.9195020881102899,0.03173571793757352,0.02934689140695418,0.03173571793757352
