,classifier,accuracy,precision,recall,f1_score,accuracy_std,precision_std,recall_std
0,U-Net,0.9624031066894532,0.9661751857090445,0.9624031066894532,0.9642854573212327,0.03123559126468278,0.026013561497850026,0.03123559126468278
1,Attention U-Net,0.9688179016113281,0.9719768498331767,0.9688179016113281,0.9703948048801113,0.022514025648120196,0.02004406707922581,0.022514025648120196
2,ResNet50-SegNet,0.9706111907958984,0.9728053208974202,0.9706111907958984,0.9717070172529576,0.022188586908017765,0.019990877521858477,0.022188586908017765
3,FCN32-VGG16,0.9195623016357422,0.9193059592359851,0.9195623016357422,0.9194341125685082,0.043886387687458006,0.041286396845759125,0.043886387687458006
