,classifier,accuracy,precision,recall,f1_score,accuracy_std,precision_std,recall_std
0,U-Net,0.9123244285583496,0.9391478356429457,0.9123244285583496,0.9255418285775711,0.08335438229539871,0.0457564283108771,0.08335438229539871
1,Attention U-Net,0.9111804326375326,0.9346194571938131,0.9111804326375326,0.9227511238340441,0.0677127544088628,0.045376334865872926,0.0677127544088628
2,ResNet50-SegNet,0.9140251159667969,0.9367553616336551,0.9140251159667969,0.9252506587489102,0.07065791684619996,0.044300467546885304,0.07065791684619996
3,FCN32-VGG16,0.8272223154703776,0.8846292010935729,0.8272223154703776,0.8549631892492447,0.12575199501733839,0.06253267602644441,0.12575199501733839
