,classifier,accuracy,precision,recall,f1_score,accuracy_std,precision_std,recall_std
0,U-Net,0.8623001098632812,0.893379008287948,0.8623001098632812,0.877564480925711,0.09697629059161807,0.06937541506332207,0.09697629059161807
1,Attention U-Net,0.8816988372802734,0.9111291102608063,0.8816988372802734,0.8961724165790379,0.09569811216951518,0.05381396192627414,0.09569811216951518
2,ResNet50-SegNet,0.8732088851928711,0.9183430334570407,0.8732088851928711,0.8952074323070319,0.1121457620509794,0.04200027091700165,0.1121457620509794
3,FCN32-VGG16,0.7706329345703125,0.82481485147684,0.7706329345703125,0.7968038754130535,0.13241930566213544,0.05617610284351866,0.13241930566213544
