,classifier,accuracy,precision,recall,f1_score,accuracy_std,precision_std,recall_std
0,U-Net,0.9473068237304687,0.957118635854769,0.9473068237304687,0.9521874540180597,0.05267558470989205,0.03806344572396879,0.05267558470989205
1,Attention U-Net,0.9526313781738281,0.9574032348251127,0.9526313781738281,0.9550113457132768,0.03562588897012771,0.03130629322025748,0.03562588897012771
2,ResNet50-SegNet,0.9470283508300781,0.9519391163230152,0.9470283508300781,0.9494773839107035,0.04434777531888843,0.03533490684558606,0.04434777531888843
3,FCN32-VGG16,0.8977508544921875,0.8987510108923809,0.8977508544921875,0.8982506542865546,0.06253046137694128,0.05838479485321074,0.06253046137694128
