,classifier,accuracy,precision,recall,f1_score,accuracy_std,precision_std,recall_std
0,U-Net,0.937594985961914,0.9452270312844513,0.937594985961914,0.941395540322071,0.044665132890881996,0.027560167426381985,0.044665132890881996
1,Attention U-Net,0.937528419494629,0.9439473291807217,0.937528419494629,0.9407269248472057,0.04847170092977836,0.030185484016492008,0.04847170092977836
2,ResNet50-SegNet,0.9250993728637695,0.9406290506072839,0.9250993728637695,0.9327995799038561,0.066819550198767,0.032023198338974095,0.066819550198767
3,FCN32-VGG16,0.8076122283935547,0.8181134017070271,0.8076122283935547,0.8128288995362221,0.07907718791475603,0.05355907100498819,0.07907718791475603
