,classifier,accuracy,precision,recall,f1_score,accuracy_std,precision_std,recall_std
0,U-Net,0.9592618942260742,0.9625063260917981,0.9592618942260742,0.960881371447259,0.026417391604667682,0.022230480106680363,0.026417391604667682
1,Attention U-Net,0.9715108871459961,0.9729527865407457,0.9715108871459961,0.9722313022296641,0.02118903654017347,0.018888713737714412,0.02118903654017347
2,ResNet50-SegNet,0.9689271926879883,0.9706046439633724,0.9689271926879883,0.9697651929334161,0.021182154938242815,0.018374828703889644,0.021182154938242815
3,FCN32-VGG16,0.9189081192016602,0.9200968253813897,0.9189081192016602,0.9195020881102899,0.03173571793757352,0.02934689140695418,0.03173571793757352
