,classifier,accuracy,precision,recall,f1_score,accuracy_std,precision_std,recall_std
0,U-Net,0.9624031066894532,0.9661751857090445,0.9624031066894532,0.9642854573212327,0.03123559126468278,0.026013561497850026,0.03123559126468278
1,Attention U-Net,0.9751964950561524,0.9767128422237983,0.9751964950561524,0.9759540796503411,0.02095201441743055,0.01889539321658689,0.02095201441743055
2,ResNet50-SegNet,0.9706111907958984,0.9728053208974203,0.9706111907958984,0.9717070172529576,0.022188586908017765,0.019990877521858477,0.022188586908017765
3,FCN32-VGG16,0.9195622634887696,0.9193059119827369,0.9195622634887696,0.9194340698671275,0.043886407400754286,0.041286425879684334,0.043886407400754286
