,classifier,accuracy,precision,recall,f1_score,accuracy_std,precision_std,recall_std
0,U-Net,0.9724159240722656,0.9738279305670721,0.9724159240722656,0.9731214151119266,0.021293534825664956,0.018961125689019694,0.021293534825664956
1,Attention U-Net,0.9747537612915039,0.9758240840110284,0.9747537612915039,0.9752886289970736,0.019844774736773,0.017958485345777382,0.019844774736773
2,ResNet50-SegNet,0.969398307800293,0.9707419790017067,0.969398307800293,0.970069678111889,0.021191613151098125,0.01862770122766578,0.021191613151098125
3,FCN32-VGG16,0.9204916000366211,0.9211980700523021,0.9204916000366211,0.9208446995439235,0.031370949917089476,0.029419851109199806,0.031370949917089476
