,classifier,accuracy,precision,recall,f1_score,accuracy_std,precision_std,recall_std
0,U-Net,0.9506596883138021,0.956964034764877,0.9506596883138021,0.9538014441850955,0.04486063886815132,0.03543919658673148,0.04486063886815132
1,Attention U-Net,0.9511589050292969,0.9573658988872409,0.9511589050292969,0.9542523086200337,0.04764841044870266,0.03668973936475085,0.04764841044870266
2,ResNet50-SegNet,0.9473197937011719,0.9526203913477619,0.9473197937011719,0.9499626985192154,0.041341966934698056,0.034039956821513305,0.041341966934698056
3,FCN32-VGG16,0.9044364929199219,0.9066910158057678,0.9044364929199219,0.9055623511282801,0.07493092368522997,0.06798179517453329,0.07493092368522997
