,classifier,accuracy,precision,recall,f1_score,accuracy_std,precision_std,recall_std
0,U-Net,0.9381088256835938,0.9433979001851363,0.9381088256835938,0.9407459289165382,0.03510206010237416,0.02888134210762843,0.03510206010237416
1,Attention U-Net,0.940798683166504,0.944991868859317,0.940798683166504,0.9428906140937393,0.03549554329265499,0.028206194273212002,0.03549554329265499
2,ResNet50-SegNet,0.9347864532470703,0.9442208105081293,0.9347864532470703,0.9394799472706677,0.04299348831670498,0.02795523959208652,0.04299348831670498
3,FCN32-VGG16,0.8270412063598633,0.8266835145854321,0.8270412063598633,0.8268623217892429,0.06254329584552473,0.06584561995332407,0.06254329584552473
