,classifier,accuracy,precision,recall,f1_score,accuracy_std,precision_std,recall_std
0,U-Net,0.8631359418233235,0.8935553176282435,0.8631359418233235,0.8780822543547893,0.09634285691303204,0.06729296317373067,0.09634285691303204
1,Attention U-Net,0.8619278271993002,0.918523546576207,0.8619278271993002,0.889326174691305,0.12477170789550553,0.03984362339679869,0.12477170789550553
2,ResNet50-SegNet,0.8725287437438964,0.9176649673047649,0.8725287437438964,0.8945278448455525,0.11309547032010413,0.04181474545357229,0.11309547032010413
3,FCN32-VGG16,0.7691143989562989,0.8233104534385504,0.7691143989562989,0.7952901810073216,0.13518292608896915,0.05624903893540935,0.13518292608896915
