,classifier,accuracy,precision,recall,f1_score,accuracy_std,precision_std,recall_std
0,U-Net,0.9441879272460938,0.9529248154492593,0.9441879272460938,0.9485362530875023,0.051456469735835106,0.038749466829152916,0.051456469735835106
1,Attention U-Net,0.9495686848958333,0.9547959659777044,0.9495686848958333,0.9521751512678154,0.04148326611753007,0.033681520771207146,0.04148326611753007
2,ResNet50-SegNet,0.9473197937011719,0.952620391347762,0.9473197937011719,0.9499626985192156,0.041341966934698056,0.03403995682151331,0.041341966934698056
3,FCN32-VGG16,0.9044364929199219,0.9066910158057679,0.9044364929199219,0.9055623511282801,0.07493092368522997,0.06798179517453329,0.07493092368522997
