,classifier,accuracy,precision,recall,f1_score,accuracy_std,precision_std,recall_std
0,U-Net,0.8517731348673503,0.9153642653227068,0.8517731348673503,0.8824245242453873,0.13051218643623,0.04049528410192552,0.13051218643623
1,Attention U-Net,0.8432634989420573,0.9119869137499816,0.8432634989420573,0.8762798405484354,0.13289311404121962,0.039646344402127234,0.13289311404121962
2,ResNet50-SegNet,0.8725287437438964,0.9176649673047649,0.8725287437438964,0.8945278448455525,0.11309547032010413,0.04181474545357229,0.11309547032010413
3,FCN32-VGG16,0.7691143989562989,0.8233104534385504,0.7691143989562989,0.7952901810073216,0.13518292608896915,0.05624903893540935,0.13518292608896915
