,classifier,accuracy,precision,recall,f1_score,accuracy_std,precision_std,recall_std
0,U-Net,0.9722724914550781,0.9735505225778389,0.9722724914550781,0.9729110873062539,0.020073381851817427,0.017957817423781715,0.020073381851817427
1,Attention U-Net,0.9737396240234375,0.9749219160790721,0.9737396240234375,0.9743304113910985,0.020010734724767866,0.017913063846214508,0.020010734724767866
2,ResNet50-SegNet,0.9689271926879883,0.9706046439633724,0.9689271926879883,0.9697651929334161,0.021182154938242815,0.018374828703889644,0.021182154938242815
3,FCN32-VGG16,0.9189081192016602,0.9200968253813897,0.9189081192016602,0.9195020881102899,0.03173571793757352,0.02934689140695418,0.03173571793757352
