,classifier,accuracy,precision,recall,f1_score,accuracy_std,precision_std,recall_std
0,U-Net,0.9441879272460938,0.9529248154492592,0.9441879272460938,0.9485362530875022,0.0514564697358351,0.038749466829152916,0.0514564697358351
1,Attention U-Net,0.9528699239095052,0.9570389282918946,0.9528699239095052,0.9549498759889183,0.03945227005915357,0.033620416513485206,0.03945227005915357
2,ResNet50-SegNet,0.9473197937011719,0.9526203913477619,0.9473197937011719,0.9499626985192154,0.041341966934698056,0.034039956821513305,0.041341966934698056
3,FCN32-VGG16,0.9044364929199219,0.9066910158057678,0.9044364929199219,0.9055623511282801,0.07493092368522997,0.06798179517453329,0.07493092368522997
