,classifier,accuracy,precision,recall,f1_score,accuracy_std,precision_std,recall_std
0,U-Net,0.9373287200927735,0.94243862353405,0.9373287200927735,0.9398767265089123,0.052345346058224544,0.03593396648244278,0.052345346058224544
1,Attention U-Net,0.9570850372314453,0.9590889631889825,0.9570850372314453,0.9580859523619385,0.01349322683924965,0.0124338547954335,0.01349322683924965
2,ResNet50-SegNet,0.9465770721435547,0.9510178513149314,0.9465770721435547,0.9487922655413198,0.02797195602803041,0.019663765108312733,0.02797195602803041
3,FCN32-VGG16,0.8076549530029297,0.8185838777023733,0.8076549530029297,0.8130826921503669,0.08254624208056892,0.05506081940156744,0.08254624208056892
