,classifier,accuracy,precision,recall,f1_score,accuracy_std,precision_std,recall_std
0,U-Net,0.924553108215332,0.9434097955847133,0.924553108215332,0.9338862747801174,0.07535623807570371,0.03273492889308469,0.07535623807570371
1,Attention U-Net,0.9237554550170899,0.944694025685098,0.9237554550170899,0.934107417472914,0.07488598185833091,0.0316545593852273,0.07488598185833091
2,ResNet50-SegNet,0.9250993728637695,0.9406290506072839,0.9250993728637695,0.9327995799038561,0.066819550198767,0.0320231983389741,0.066819550198767
3,FCN32-VGG16,0.8076122283935547,0.8181134017070271,0.8076122283935547,0.8128288995362221,0.07907718791475604,0.05355907100498819,0.07907718791475604
